expression,num_instances,feasible_rate,avg_cost,avg_runtime_sec,avg_num_routes
ortools,15,1.0,995.8666666666667,3.0018877506256105,8.666666666666666
nearest_neighbor,15,1.0,1337.0,0.0006465752919514974,8.733333333333333
greedy,15,1.0,2591.0,0.0010511557261149089,8.666666666666666
